Package,Version
abind,1.4-8
ade4,1.7-24
adehabitatHR,0.4.22
adehabitatLT,0.3.29
adehabitatMA,0.3.17
arrow,25.0.1
askpass,1.2.1
assertthat,0.2.1
automap,1.1-20
backports,1.5.1
base,4.6.1
base64enc,0.1-6
base64url,1.4
bayestestR,0.19.0
bigD,0.3.1
BiocManager,1.30.27
biomod2,4.3-4-6
biooracler,1.0.0
bit,4.6.0
bit64,4.8.6
bitops,1.1-0
blob,1.3.0
blockCV,4.0-1
boot,1.3-32
brew,1.0-10
brio,1.1.5
bslib,0.12.0
cachem,1.1.0
callr,3.8.0
caret,7.0-1
checkmate,2.3.4
class,7.3-23
classInt,0.4-11
cli,3.6.6
clipr,0.8.1
clock,0.7.4
cluster,2.1.8.2
codetools,0.2-20
colorspace,2.1-3
commonmark,2.0.0
compiler,4.6.1
concaveman,1.2.0
cowplot,1.2.0
crayon,1.5.3
credentials,2.0.3
crosstalk,1.2.2
crul,1.6.0
curl,8.0.0
data.table,1.18.6.1
data.tree,1.2.0
datasets,4.6.1
datawizard,1.4.0
DBI,1.3.0
dbplyr,2.6.0
deldir,2.0-4
desc,1.4.3
devtools,2.5.2
diagram,1.6.5
diffobj,0.3.9
digest,0.6.39
dismo,1.3-16
doParallel,1.0.17
dotCall64,1.2
downlit,0.4.5
dplyr,1.2.1
DT,0.34.0
duckdb,1.5.6
duckdbfs,0.1.2
e1071,1.7-17
ecodist,2.1.3
ecospat,4.1.4
effectsize,1.0.3
ellipsis,0.3.3
evaluate,1.0.5
exactextractr,0.10.1
fansi,1.0.7
farver,2.1.2
fastcluster,1.3.0
fastmap,1.2.0
fields,17.3
flexsdm,1.4.1
FNN,1.1.4.1
fontawesome,0.5.3
fontBitstreamVera,0.1.1
fontLiberation,0.1.0
fontquiver,0.2.1
forcats,1.0.1
foreach,1.5.2
foreign,0.8-91
Formula,1.2-6
fs,2.1.0
furrr,0.4.0
future,1.76.0
future.apply,1.20.2
gbm,2.3.1
gdtools,0.5.1
generics,0.1.4
geohashTools,0.3.3
geojsonsf,2.0.5
geometry,0.5.2
geosphere,1.6-8
gert,2.4.1
ggiraph,0.9.6
ggplot2,4.0.3
gh,1.6.1
gitcreds,0.1.2
glmnet,5.1
globals,0.19.1
glue,1.8.1
goftest,1.2-3
gower,1.0.2
graphics,4.6.1
grDevices,4.6.1
grid,4.6.1
gridExtra,2.3.1
gstat,2.1-6
gt,1.3.0
gtable,0.3.6
gtools,3.9.5
hardhat,1.4.3
here,1.0.2
highr,0.12
hitandrun,0.5-6
Hmisc,5.3-0
hms,1.1.4
hoardr,0.5.5
htmlTable,2.5.0
htmltools,0.5.9
htmlwidgets,1.6.4
httpcode,0.3.0
httpuv,1.6.17
httr,1.4.9
httr2,1.3.0
hypervolume,3.1.7
igraph,2.3.3
ini,0.3.1
insight,1.5.4
intervals,0.15.5
ipred,0.9-16
isoband,0.3.0
isotree,0.6.1-5
iterators,1.0.14
janitor,2.2.1
jpeg,0.1-11
jquerylib,0.1.4
jsonlite,2.0.0
jsonvalidate,1.5.0
juicyjuice,0.1.0
kernlab,0.9-33
KernSmooth,2.23-26
knitr,1.52
ks,1.15.3
labeling,0.4.3
later,1.4.8
lattice,0.22-9
lava,1.9.3
lazyeval,0.2.3
leafem,0.2.5
leaflet,2.2.3
leaflet.providers,3.0.0
leafpm,0.1.0
leafpop,0.1.0
librarian,1.8.1
lifecycle,1.0.5
lightgbm,4.7.0
linprog,0.9-6
listenv,1.1.0
litedown,0.11
logger,0.4.3
lpSolve,5.6.23
lubridate,1.9.5
lwgeom,0.2-17
magic,1.6-1-1
magrittr,2.0.5
mapedit,0.8.0
mapgl,0.5.0.9000
maps,3.4.3
mapview,2.11.4
markdown,2.0
MASS,7.3-65
Matrix,1.7-5
matrixStats,1.5.0
maxnet,0.1.4
mclust,6.1.3
memoise,2.0.1
methods,4.6.1
mgcv,1.9-4
mime,0.13
miniUI,0.1.2
ModelMetrics,1.2.2.2
modEvA,3.47
msens,0.53.0
multicool,1.0.1
mvtnorm,1.4-2
nabor,0.5.0
nanoparquet,0.5.2
ncdf4,1.24
nlme,3.1-169
nnet,7.3-20
numDeriv,2016.8-1.1
oai,0.4.0
obissdm,1.2.0
obistools,0.1.0
openssl,2.4.2
otel,0.2.0
pak,0.11.1
palmerpenguins,0.1.1
parallel,4.6.1
parallelly,1.48.0
parameters,0.29.3
patchwork,1.3.2
paws.common,0.9.0
paws.storage,0.10.0
pbapply,1.7-5
pdist,1.2.1
performance,0.18.2
permute,0.9-10
pillar,1.11.1
pixmap,0.4-14
pkgbuild,1.4.8
pkgconfig,2.0.3
pkgdown,2.2.1
pkgload,1.5.3
plyr,1.8.9
png,0.1-9
polyclip,1.10-7
pracma,2.4.6
praise,1.0.0
precrec,0.24.0
predicts,0.2-2
PresenceAbsence,1.1.11
prettyunits,1.2.0
prg,0.5.1
pROC,1.19.1
processx,3.9.0
prodlim,2026.03.11
profvis,0.4.0
progress,1.2.3
progressr,1.0.0
promises,1.5.0
proxy,0.4-29
ps,1.9.3
purrr,1.2.2
quarto,1.5.1
R.methodsS3,1.8.2
R.oo,1.27.1
R.utils,2.13.0
R6,2.6.1
ragg,1.5.2
randomForest,4.7-1.2
rappdirs,0.3.4
Rarr,2.0.1
raster,3.6-32
rcdd,1.6-1
rcmdcheck,1.4.0
RColorBrewer,1.1-3
Rcpp,1.1.2
RcppTOML,0.2.3
rdtools,0.1.0
reactable,0.4.5
reactR,0.6.1
readr,2.2.0
recipes,1.4.0
remotes,2.5.0
renv,1.3.0
rerddap,1.3.0
reshape,0.8.10
reshape2,1.4.5
reticulate,1.47.0
rfishbase,5.0.3
rgbif,3.9.0
RhpcBLASctl,0.23-42
rlang,1.3.0
rmarkdown,2.32
rnaturalearth,1.2.0
robis,2.12.0
roxygen2,8.1.0
rpart,4.1.27
rprojroot,2.1.1
rstac,1.0.1
rstudioapi,0.19.0
rversions,3.0.0
s2,1.1.13
S7,0.2.2
sass,0.4.10
satellite,1.0.6
scales,1.4.0
secretbase,1.3.1
servr,0.33
sessioninfo,1.2.4
sf,1.1-3
sfarrow,0.4.1
sftime,0.3.2
shape,1.4.6.1
shiny,1.14.0
shinyWidgets,0.9.1
snakecase,0.11.1
sourcetools,0.1.7-2
sp,2.2-3
spacetime,1.3-4
spam,2.11-4
sparsevctrs,0.3.6
spatial,7.3-18
spatstat,3.6-3
spatstat.data,3.1-9
spatstat.explore,3.8-3
spatstat.geom,3.8-3
spatstat.linnet,3.5-4
spatstat.model,3.7-2
spatstat.random,3.5-2
spatstat.sparse,3.2-0
spatstat.univar,3.2-0
spatstat.utils,3.2-5
splines,4.6.1
spThin,0.2.0
SQUAREM,2026.1
stars,0.7-3
stats,4.6.1
stats4,4.6.1
storr,1.2.6
stringi,1.8.9
stringr,1.6.0
survival,3.8-6
svglite,2.2.2
sys,3.4.3
systemfonts,1.3.2
targets,1.12.0
tcltk,4.6.1
tensor,1.5.1
terra,1.9-50
testthat,3.3.2
textshaping,1.0.5
tibble,3.3.1
tidyr,1.3.2
tidyselect,1.2.1
tidyterra,1.3.0
timechange,0.4.0
timeDate,4052.112
tinytex,0.61
tmaptools,3.3
tools,4.6.1
triebeard,0.4.1
tzdb,0.5.0
units,1.0-1
urlchecker,2.0.0
urltools,1.7.3.1
usethis,3.2.2
utf8,1.2.6
utils,4.6.1
uuid,1.2-2
V8,8.2.0
vctrs,0.7.3
vegan,2.7-6
viridis,0.6.5
viridisLite,0.4.3
virtualspecies,1.6.1
vroom,1.7.1
waldo,0.6.2
whisker,0.4.1
withr,3.0.3
wk,0.9.5
worrms,0.4.3
xfun,0.61
xgboost,1.7.11.1
XML,3.99-0.25
xml2,1.6.0
xopen,1.0.1
xtable,1.8-8
xts,0.14.3
yaml,2.3.12
zip,3.0.2
zoo,1.9-1
